{
  "HTTP Request – GET Main TRIRIGA App" : {
    "transaction" : "HTTP Request – GET Main TRIRIGA App",
    "sampleCount" : 300,
    "errorCount" : 0,
    "errorPct" : 0.0,
    "meanResTime" : 62.38,
    "medianResTime" : 62.0,
    "minResTime" : 60.0,
    "maxResTime" : 77.0,
    "pct1ResTime" : 64.0,
    "pct2ResTime" : 65.0,
    "pct3ResTime" : 72.99000000000001,
    "throughput" : 4.008390898280401,
    "receivedKBytesPerSec" : 14.30729368478014,
    "sentKBytesPerSec" : 2.4621854248226285
  },
  "Debug Sampler" : {
    "transaction" : "Debug Sampler",
    "sampleCount" : 100,
    "errorCount" : 0,
    "errorPct" : 0.0,
    "meanResTime" : 1.3,
    "medianResTime" : 0.0,
    "minResTime" : 0.0,
    "maxResTime" : 52.0,
    "pct1ResTime" : 1.0,
    "pct2ResTime" : 1.0,
    "pct3ResTime" : 51.93999999999997,
    "throughput" : 14.26126640045636,
    "receivedKBytesPerSec" : 5.108848001640046,
    "sentKBytesPerSec" : 0.0
  },
  "Total" : {
    "transaction" : "Total",
    "sampleCount" : 2400,
    "errorCount" : 0,
    "errorPct" : 0.0,
    "meanResTime" : 76.4187499999999,
    "medianResTime" : 61.0,
    "minResTime" : 0.0,
    "maxResTime" : 1184.0,
    "pct1ResTime" : 120.90000000000009,
    "pct2ResTime" : 124.94999999999982,
    "pct3ResTime" : 214.9399999999987,
    "throughput" : 31.480364122878356,
    "receivedKBytesPerSec" : 57.5277395090047,
    "sentKBytesPerSec" : 23.882703261496893
  },
  "HTTP Request - GET employee list" : {
    "transaction" : "HTTP Request - GET employee list",
    "sampleCount" : 300,
    "errorCount" : 0,
    "errorPct" : 0.0,
    "meanResTime" : 122.37666666666667,
    "medianResTime" : 120.0,
    "minResTime" : 117.0,
    "maxResTime" : 385.0,
    "pct1ResTime" : 122.0,
    "pct2ResTime" : 124.0,
    "pct3ResTime" : 138.97000000000003,
    "throughput" : 4.00576830636116,
    "receivedKBytesPerSec" : 4.0135920725845216,
    "sentKBytesPerSec" : 5.550962135475085
  },
  "HTTP Request - GET Employee List" : {
    "transaction" : "HTTP Request - GET Employee List",
    "sampleCount" : 400,
    "errorCount" : 0,
    "errorPct" : 0.0,
    "meanResTime" : 61.64499999999994,
    "medianResTime" : 61.0,
    "minResTime" : 58.0,
    "maxResTime" : 78.0,
    "pct1ResTime" : 64.0,
    "pct2ResTime" : 66.0,
    "pct3ResTime" : 72.99000000000001,
    "throughput" : 10.803511141120865,
    "receivedKBytesPerSec" : 38.56136056718434,
    "sentKBytesPerSec" : 8.587947332883187
  },
  "HTTP Request - GET employee list-1" : {
    "transaction" : "HTTP Request - GET employee list-1",
    "sampleCount" : 300,
    "errorCount" : 0,
    "errorPct" : 0.0,
    "meanResTime" : 59.970000000000034,
    "medianResTime" : 60.0,
    "minResTime" : 58.0,
    "maxResTime" : 78.0,
    "pct1ResTime" : 61.0,
    "pct2ResTime" : 61.0,
    "pct3ResTime" : 66.98000000000002,
    "throughput" : 4.009569505887384,
    "receivedKBytesPerSec" : 3.1128982003715535,
    "sentKBytesPerSec" : 2.5138121316208015
  },
  "HTTP Request - GET employee list-0" : {
    "transaction" : "HTTP Request - GET employee list-0",
    "sampleCount" : 300,
    "errorCount" : 0,
    "errorPct" : 0.0,
    "meanResTime" : 62.25666666666663,
    "medianResTime" : 60.0,
    "minResTime" : 59.0,
    "maxResTime" : 324.0,
    "pct1ResTime" : 61.900000000000034,
    "pct2ResTime" : 63.0,
    "pct3ResTime" : 67.98000000000002,
    "throughput" : 4.008980115458628,
    "receivedKBytesPerSec" : 0.9043695377645927,
    "sentKBytesPerSec" : 3.041970263389994
  },
  "HTTP Request - POST Login Request" : {
    "transaction" : "HTTP Request - POST Login Request",
    "sampleCount" : 700,
    "errorCount" : 0,
    "errorPct" : 0.0,
    "meanResTime" : 95.03142857142856,
    "medianResTime" : 63.0,
    "minResTime" : 57.0,
    "maxResTime" : 1184.0,
    "pct1ResTime" : 188.0,
    "pct2ResTime" : 195.94999999999993,
    "pct3ResTime" : 1011.2700000000007,
    "throughput" : 9.203865623561896,
    "receivedKBytesPerSec" : 16.439018226941027,
    "sentKBytesPerSec" : 6.40428801525212
  }
}