{
  "HTTP Request – GET Main TRIRIGA App" : {
    "transaction" : "HTTP Request – GET Main TRIRIGA App",
    "sampleCount" : 300,
    "errorCount" : 0,
    "errorPct" : 0.0,
    "meanResTime" : 60.903333333333315,
    "medianResTime" : 59.0,
    "minResTime" : 55.0,
    "maxResTime" : 211.0,
    "pct1ResTime" : 65.0,
    "pct2ResTime" : 68.0,
    "pct3ResTime" : 77.0,
    "throughput" : 4.214371005127485,
    "receivedKBytesPerSec" : 15.042505882559528,
    "sentKBytesPerSec" : 2.588710314673035
  },
  "Total" : {
    "transaction" : "Total",
    "sampleCount" : 2100,
    "errorCount" : 0,
    "errorPct" : 0.0,
    "meanResTime" : 67.26761904761908,
    "medianResTime" : 58.0,
    "minResTime" : 51.0,
    "maxResTime" : 679.0,
    "pct1ResTime" : 111.0,
    "pct2ResTime" : 115.0,
    "pct3ResTime" : 125.0,
    "throughput" : 29.15816220269088,
    "receivedKBytesPerSec" : 52.62918107218728,
    "sentKBytesPerSec" : 23.34753329324086
  },
  "HTTP Request - GET employee list" : {
    "transaction" : "HTTP Request - GET employee list",
    "sampleCount" : 300,
    "errorCount" : 0,
    "errorPct" : 0.0,
    "meanResTime" : 114.80666666666674,
    "medianResTime" : 113.0,
    "minResTime" : 106.0,
    "maxResTime" : 324.0,
    "pct1ResTime" : 121.90000000000003,
    "pct2ResTime" : 125.0,
    "pct3ResTime" : 140.99,
    "throughput" : 4.211472049863829,
    "receivedKBytesPerSec" : 4.21969758121122,
    "sentKBytesPerSec" : 5.836014490973412
  },
  "HTTP Request - GET Employee List" : {
    "transaction" : "HTTP Request - GET Employee List",
    "sampleCount" : 300,
    "errorCount" : 0,
    "errorPct" : 0.0,
    "meanResTime" : 57.81000000000001,
    "medianResTime" : 57.0,
    "minResTime" : 52.0,
    "maxResTime" : 97.0,
    "pct1ResTime" : 62.900000000000034,
    "pct2ResTime" : 67.0,
    "pct3ResTime" : 77.99000000000001,
    "throughput" : 8.542870974172054,
    "receivedKBytesPerSec" : 30.492376377537948,
    "sentKBytesPerSec" : 6.790915012671926
  },
  "HTTP Request - GET employee list-1" : {
    "transaction" : "HTTP Request - GET employee list-1",
    "sampleCount" : 300,
    "errorCount" : 0,
    "errorPct" : 0.0,
    "meanResTime" : 57.52333333333331,
    "medianResTime" : 56.0,
    "minResTime" : 52.0,
    "maxResTime" : 269.0,
    "pct1ResTime" : 61.0,
    "pct2ResTime" : 63.0,
    "pct3ResTime" : 73.0,
    "throughput" : 4.2153184673102055,
    "receivedKBytesPerSec" : 3.272634942882435,
    "sentKBytesPerSec" : 2.6428070859503436
  },
  "HTTP Request - GET employee list-0" : {
    "transaction" : "HTTP Request - GET employee list-0",
    "sampleCount" : 300,
    "errorCount" : 0,
    "errorPct" : 0.0,
    "meanResTime" : 57.09333333333333,
    "medianResTime" : 56.0,
    "minResTime" : 53.0,
    "maxResTime" : 84.0,
    "pct1ResTime" : 61.0,
    "pct2ResTime" : 65.0,
    "pct3ResTime" : 74.97000000000003,
    "throughput" : 4.214667041303738,
    "receivedKBytesPerSec" : 0.9507696157628547,
    "sentKBytesPerSec" : 3.198043253020511
  },
  "HTTP Request - POST Login Request" : {
    "transaction" : "HTTP Request - POST Login Request",
    "sampleCount" : 600,
    "errorCount" : 0,
    "errorPct" : 0.0,
    "meanResTime" : 61.36833333333338,
    "medianResTime" : 59.0,
    "minResTime" : 51.0,
    "maxResTime" : 679.0,
    "pct1ResTime" : 64.0,
    "pct2ResTime" : 69.0,
    "pct3ResTime" : 79.99000000000001,
    "throughput" : 8.35038202997787,
    "receivedKBytesPerSec" : 14.580223685858629,
    "sentKBytesPerSec" : 5.947051293091451
  }
}