{
  "HTTP Request – GET Main TRIRIGA App" : {
    "transaction" : "HTTP Request – GET Main TRIRIGA App",
    "sampleCount" : 300,
    "errorCount" : 0,
    "errorPct" : 0.0,
    "meanResTime" : 58.30333333333336,
    "medianResTime" : 58.0,
    "minResTime" : 55.0,
    "maxResTime" : 81.0,
    "pct1ResTime" : 60.0,
    "pct2ResTime" : 61.0,
    "pct3ResTime" : 71.96000000000004,
    "throughput" : 4.295348137966582,
    "receivedKBytesPerSec" : 15.33154047291783,
    "sentKBytesPerSec" : 2.638451151153301
  },
  "Debug Sampler" : {
    "transaction" : "Debug Sampler",
    "sampleCount" : 100,
    "errorCount" : 0,
    "errorPct" : 0.0,
    "meanResTime" : 1.7400000000000002,
    "medianResTime" : 0.0,
    "minResTime" : 0.0,
    "maxResTime" : 116.0,
    "pct1ResTime" : 1.0,
    "pct2ResTime" : 7.749999999999943,
    "pct3ResTime" : 114.96999999999947,
    "throughput" : 13.931457230426302,
    "receivedKBytesPerSec" : 4.989883367581499,
    "sentKBytesPerSec" : 0.0
  },
  "Total" : {
    "transaction" : "Total",
    "sampleCount" : 2400,
    "errorCount" : 0,
    "errorPct" : 0.0,
    "meanResTime" : 72.84666666666674,
    "medianResTime" : 58.0,
    "minResTime" : 0.0,
    "maxResTime" : 1148.0,
    "pct1ResTime" : 112.0,
    "pct2ResTime" : 120.0,
    "pct3ResTime" : 230.90999999999804,
    "throughput" : 33.74388392103931,
    "receivedKBytesPerSec" : 61.66405074675919,
    "sentKBytesPerSec" : 25.599931545610485
  },
  "HTTP Request - GET employee list" : {
    "transaction" : "HTTP Request - GET employee list",
    "sampleCount" : 300,
    "errorCount" : 0,
    "errorPct" : 0.0,
    "meanResTime" : 114.76666666666677,
    "medianResTime" : 111.0,
    "minResTime" : 110.0,
    "maxResTime" : 431.0,
    "pct1ResTime" : 115.0,
    "pct2ResTime" : 119.94999999999999,
    "pct3ResTime" : 238.93000000000097,
    "throughput" : 4.292398162853586,
    "receivedKBytesPerSec" : 4.30078175301541,
    "sentKBytesPerSec" : 5.94815721981371
  },
  "HTTP Request - GET Employee List" : {
    "transaction" : "HTTP Request - GET Employee List",
    "sampleCount" : 400,
    "errorCount" : 0,
    "errorPct" : 0.0,
    "meanResTime" : 60.435,
    "medianResTime" : 58.0,
    "minResTime" : 56.0,
    "maxResTime" : 101.0,
    "pct1ResTime" : 64.0,
    "pct2ResTime" : 73.94999999999999,
    "pct3ResTime" : 91.97000000000003,
    "throughput" : 11.117596375663583,
    "receivedKBytesPerSec" : 39.68243628227577,
    "sentKBytesPerSec" : 8.837620556435699
  },
  "HTTP Request - GET employee list-1" : {
    "transaction" : "HTTP Request - GET employee list-1",
    "sampleCount" : 300,
    "errorCount" : 0,
    "errorPct" : 0.0,
    "meanResTime" : 55.683333333333316,
    "medianResTime" : 55.0,
    "minResTime" : 54.0,
    "maxResTime" : 68.0,
    "pct1ResTime" : 57.0,
    "pct2ResTime" : 58.0,
    "pct3ResTime" : 63.99000000000001,
    "throughput" : 4.296763105127471,
    "receivedKBytesPerSec" : 3.3358658872815816,
    "sentKBytesPerSec" : 2.6938690561443717
  },
  "HTTP Request - GET employee list-0" : {
    "transaction" : "HTTP Request - GET employee list-0",
    "sampleCount" : 300,
    "errorCount" : 0,
    "errorPct" : 0.0,
    "meanResTime" : 58.849999999999994,
    "medianResTime" : 56.0,
    "minResTime" : 55.0,
    "maxResTime" : 374.0,
    "pct1ResTime" : 58.0,
    "pct2ResTime" : 60.0,
    "pct3ResTime" : 181.890000000001,
    "throughput" : 4.295963226554781,
    "receivedKBytesPerSec" : 0.9691088919278851,
    "sentKBytesPerSec" : 3.2597299092119774
  },
  "HTTP Request - POST Login Request" : {
    "transaction" : "HTTP Request - POST Login Request",
    "sampleCount" : 700,
    "errorCount" : 0,
    "errorPct" : 0.0,
    "meanResTime" : 91.71857142857141,
    "medianResTime" : 60.0,
    "minResTime" : 54.0,
    "maxResTime" : 1148.0,
    "pct1ResTime" : 189.0,
    "pct2ResTime" : 200.0,
    "pct3ResTime" : 916.3100000000006,
    "throughput" : 9.866102889358704,
    "receivedKBytesPerSec" : 17.621839763918253,
    "sentKBytesPerSec" : 6.865089852008456
  }
}